City_ID,City,Country,Date,Lat,Lng,Max Temp,Humidity,Cloudiness,Wind Speed
0,Ushuaia,AR,2021-04-25 02:13:28,-54.8,-68.3,44.6,76,20,3.44
1,Cherskiy,RU,2021-04-25 02:14:55,68.75,161.3,21.88,82,100,13.02
2,Atuona,PF,2021-04-25 02:15:19,-9.8,-139.0333,80.8,73,62,16.08
3,Kapaa,US,2021-04-25 02:15:43,22.0752,-159.319,78.8,65,20,14.97
4,Bethel,US,2021-04-25 02:15:44,41.3712,-73.414,55.0,56,100,3.98
5,Punta Arenas,CL,2021-04-25 02:15:44,-53.15,-70.9167,44.6,70,0,9.22
6,Salisbury,GB,2021-04-25 02:15:45,51.0693,-1.7957,42.01,70,0,8.05
7,Teya,RU,2021-04-25 02:13:17,60.3778,92.6267,37.6,85,100,2.89
8,Nuuk,GL,2021-04-25 02:15:45,64.1835,-51.7216,46.4,49,75,12.66
9,Turinskaya Sloboda,RU,2021-04-25 02:15:46,57.6232,64.3858,43.79,55,100,9.13
10,Rikitea,PF,2021-04-25 02:15:46,-23.1203,-134.9692,78.71,75,100,12.97
11,Qaanaaq,GL,2021-04-25 02:13:57,77.484,-69.3632,23.56,68,91,8.08
12,Honggang,CN,2021-04-25 02:15:46,46.4667,124.8667,55.45,22,1,12.17
13,Port Elizabeth,ZA,2021-04-25 02:13:52,-33.918,25.5701,59.0,94,90,6.91
14,Mogadishu,SO,2021-04-25 02:15:47,2.0371,45.3438,82.65,76,52,9.95
15,Challapata,BO,2021-04-25 02:15:47,-18.9,-66.7667,42.67,32,0,1.3
16,Marivan,IR,2021-04-25 02:15:48,35.5219,46.176,55.99,21,97,3.89
17,Saint George,US,2021-04-25 02:15:20,37.1041,-113.5841,78.01,13,1,27.63
18,Port Alfred,ZA,2021-04-25 02:15:49,-33.5906,26.891,64.31,81,81,8.23
19,Alugan,PH,2021-04-25 02:15:49,12.2188,125.4808,82.47,72,53,7.0
20,Hasaki,JP,2021-04-25 02:15:00,35.7333,140.8333,72.0,52,75,10.36
21,Petropavlovsk-Kamchatskiy,RU,2021-04-25 02:15:50,53.0452,158.6483,37.4,87,75,2.24
22,Arraial Do Cabo,BR,2021-04-25 02:14:26,-22.9661,-42.0278,73.42,80,10,6.96
23,Jinxi,CN,2021-04-25 02:15:50,30.4323,116.2922,61.54,82,100,4.12
24,Saint Austell,GB,2021-04-25 02:15:50,50.3383,-4.7658,48.2,53,5,13.8
25,Umtata,ZA,2021-04-25 02:15:51,-31.5889,28.7844,52.75,87,1,4.25
26,Cuorgne,IT,2021-04-25 02:15:51,45.3895,7.6499,57.0,71,21,4.45
27,Puerto Ayora,EC,2021-04-25 02:15:52,-0.7393,-90.3518,75.76,88,84,6.26
28,Butaritari,KI,2021-04-25 02:13:31,3.0707,172.7902,82.67,75,52,10.2
29,Tutoia,BR,2021-04-25 02:15:52,-2.7619,-42.2744,77.77,89,99,9.46
30,De-Kastri,RU,2021-04-25 02:12:15,51.4667,140.7833,38.32,48,84,10.83
31,Sur,OM,2021-04-25 02:15:53,22.5667,59.5289,84.22,38,0,7.58
32,Maniitsoq,GL,2021-04-25 02:15:53,65.4167,-52.9,38.19,66,99,6.06
33,Busselton,AU,2021-04-25 02:15:54,-33.65,115.3333,66.0,85,1,1.12
34,Bengkulu,ID,2021-04-25 02:15:26,-3.8004,102.2655,81.46,71,67,2.44
35,Geraldton,AU,2021-04-25 02:15:54,-28.7667,114.6,78.8,34,98,6.91
36,Narok,KE,2021-04-25 02:15:54,-1.0783,35.8601,55.51,94,38,3.83
37,Tiruchchendur,IN,2021-04-25 02:15:55,8.4833,78.1167,82.4,78,20,2.3
38,Hobart,AU,2021-04-25 02:13:32,-42.8794,147.3294,62.01,51,75,16.11
39,Nikolskoye,RU,2021-04-25 02:15:56,59.7035,30.7861,36.0,93,20,4.47
40,Santo Antonio Do Ica,BR,2021-04-25 02:15:56,-3.1022,-67.9397,74.43,97,100,1.95
41,Mar Del Plata,AR,2021-04-25 02:15:56,-38.0023,-57.5575,55.99,94,40,5.75
42,Nizhnevartovsk,RU,2021-04-25 02:15:57,60.9344,76.5531,41.0,81,0,5.19
43,Alvinopolis,BR,2021-04-25 02:15:57,-20.1067,-43.0489,63.55,95,0,1.86
44,Shache,CN,2021-04-25 02:15:57,38.4167,77.2406,62.4,16,100,6.13
45,Marathon,US,2021-04-25 02:15:58,44.9,-89.7668,37.4,65,20,10.36
46,Bonavista,CA,2021-04-25 02:15:46,48.6499,-53.1147,37.0,80,33,6.91
47,Souillac,MU,2021-04-25 02:15:58,-20.5167,57.5167,78.8,78,75,16.11
48,Jamestown,US,2021-04-25 02:15:59,42.097,-79.2353,51.8,50,90,9.22
49,Mataura,NZ,2021-04-25 02:15:59,-46.1927,168.8643,44.01,82,38,14.0
50,Fenoarivo,MG,2021-04-25 02:15:59,-18.933,47.4354,62.6,88,75,5.75
51,Katherine,AU,2021-04-25 02:16:00,-14.4667,132.2667,86.0,26,98,8.05
52,Sao Joao Da Barra,BR,2021-04-25 02:16:00,-21.6403,-41.0511,70.93,86,8,2.91
53,Ponta Do Sol,PT,2021-04-25 02:11:22,32.6667,-17.1,57.99,86,91,3.0
54,Lompoc,US,2021-04-25 02:16:01,34.6391,-120.4579,55.4,71,100,11.5
55,Oussouye,SN,2021-04-25 02:14:07,12.485,-16.5469,73.4,78,0,2.3
56,Grand Gaube,MU,2021-04-25 02:16:01,-20.0064,57.6608,75.0,90,100,7.0
57,Qandala,SO,2021-04-25 02:16:02,11.472,49.8728,84.25,68,24,7.2
58,Touros,BR,2021-04-25 02:13:49,-5.1989,-35.4608,73.4,100,20,3.44
59,Hermanus,ZA,2021-04-25 02:16:02,-34.4187,19.2345,63.0,81,100,5.99
60,Ancud,CL,2021-04-25 02:16:03,-41.8697,-73.8203,55.0,100,90,4.61
61,Luena,AO,2021-04-25 02:16:03,-11.7833,19.9167,59.45,90,56,1.5
62,Hofn,IS,2021-04-25 02:16:04,64.2539,-15.2082,44.89,89,100,3.2
63,Marsh Harbour,BS,2021-04-25 02:16:04,26.5412,-77.0636,76.64,82,100,11.99
64,Bluff,NZ,2021-04-25 02:16:04,-46.6,168.3333,44.01,82,91,14.0
65,Svay Rieng,KH,2021-04-25 02:16:05,11.0879,105.7993,88.12,59,51,9.4
66,Rosetta,EG,2021-04-25 02:16:05,31.4044,30.4164,62.6,82,0,4.61
67,Qazvin,IR,2021-04-25 02:16:06,36.2797,50.0049,59.0,58,0,4.61
68,Hithadhoo,MV,2021-04-25 02:16:06,-0.6,73.0833,83.05,67,5,5.75
69,Lasa,IT,2021-04-25 02:13:44,46.6166,10.7002,48.0,75,0,4.61
70,Vardo,NO,2021-04-25 02:11:16,70.3705,31.1107,35.26,73,100,21.16
71,Ambon,ID,2021-04-25 02:16:07,-3.6954,128.1814,89.6,62,40,5.75
72,Dingle,PH,2021-04-25 02:16:08,10.9995,122.6711,88.2,56,57,1.39
73,Longyearbyen,SJ,2021-04-25 02:16:08,78.2186,15.6401,23.0,80,75,3.33
74,Talnakh,RU,2021-04-25 02:16:08,69.4865,88.3972,14.4,93,100,10.04
75,Sao Filipe,CV,2021-04-25 02:16:09,14.8961,-24.4956,72.41,74,6,10.4
76,Kruisfontein,ZA,2021-04-25 02:13:57,-34.0033,24.7314,60.22,77,37,5.57
77,Nagua,DO,2021-04-25 02:16:09,19.3832,-69.8474,75.99,85,30,1.99
78,Saint-Joseph,RE,2021-04-25 02:16:10,-21.3667,55.6167,78.8,73,53,23.02
79,Wellington,NZ,2021-04-25 02:16:10,-41.2866,174.7756,62.6,51,25,21.85
80,Broken Hill,AU,2021-04-25 02:16:11,-31.95,141.4333,66.2,45,0,8.05
81,Tura,IN,2021-04-25 02:16:11,25.5198,90.2201,86.94,26,3,3.27
82,Seoul,KR,2021-04-25 02:14:39,37.5683,126.9778,66.2,45,0,13.8
83,Manama,BH,2021-04-25 02:15:05,26.2154,50.5832,82.4,47,100,8.05
84,Atherton,GB,2021-04-25 02:16:12,53.5237,-2.4935,44.01,71,0,3.0
85,San Patricio,US,2021-04-25 02:14:15,28.017,-97.5169,79.0,64,1,9.22
86,Cape Town,ZA,2021-04-25 02:15:13,-33.9258,18.4232,60.01,82,0,3.44
87,Manzil Salim,TN,2021-04-25 02:16:12,35.8567,8.4765,50.0,71,0,6.91
88,Noyabrsk,RU,2021-04-25 02:16:13,63.1994,75.4507,33.62,100,100,4.36
89,Aksarka,RU,2021-04-25 02:16:13,66.5606,67.7975,32.45,89,100,5.55
90,Georgetown,MY,2021-04-25 02:14:18,5.4112,100.3354,84.2,89,20,4.61
91,Tuktoyaktuk,CA,2021-04-25 02:13:49,69.4541,-133.0374,24.8,86,20,10.36
92,Zheleznodorozhnyy,RU,2021-04-25 02:16:14,55.7503,38.0042,33.8,80,0,13.42
93,Torbay,CA,2021-04-25 02:16:14,47.6666,-52.7314,37.99,93,40,13.8
94,Zhezkazgan,KZ,2021-04-25 02:16:15,47.8043,67.7144,43.2,40,100,8.5
95,Partizanskoye,RU,2021-04-25 02:16:15,55.5006,94.39,36.14,78,99,11.61
96,Emporia,US,2021-04-25 02:16:06,38.4039,-96.1817,60.8,44,1,3.44
97,Vao,NC,2021-04-25 02:16:16,-22.6667,167.4833,74.19,71,100,12.37
98,Bilma,NE,2021-04-25 02:16:16,18.6853,12.9164,83.98,13,0,5.66
99,Upernavik,GL,2021-04-25 02:13:19,72.7868,-56.1549,23.18,82,9,6.64
100,Susanville,US,2021-04-25 02:16:17,40.4163,-120.653,48.2,49,90,14.97
101,Parana,AR,2021-04-25 02:16:17,-31.732,-60.5238,64.99,95,0,10.25
102,Lebu,CL,2021-04-25 02:16:18,-37.6167,-73.65,53.76,83,0,15.01
103,Saeby,DK,2021-04-25 02:16:18,57.3319,10.5225,34.0,75,20,5.75
104,Arlit,NE,2021-04-25 02:12:09,18.7369,7.3853,86.38,12,9,4.43
105,Katsuura,JP,2021-04-25 02:15:21,35.1333,140.3,69.8,56,75,14.97
106,Aksha,RU,2021-04-25 02:16:19,50.2814,113.2867,55.13,12,100,10.04
107,Novaya Igirma,RU,2021-04-25 02:16:20,57.1334,103.9112,35.02,85,100,8.72
108,Denizli,TR,2021-04-25 02:16:20,37.8402,29.0698,51.8,87,75,3.44
109,Bayan,CN,2021-04-25 02:16:20,46.0833,127.4,52.68,24,1,13.0
110,Kavaratti,IN,2021-04-25 02:15:26,10.5669,72.642,84.56,67,14,8.95
111,Sao Felix Do Xingu,BR,2021-04-25 02:16:21,-6.6447,-51.995,72.54,97,100,0.83
112,Beyneu,KZ,2021-04-25 02:16:21,45.3167,55.2,58.84,46,90,4.43
113,Sardarshahr,IN,2021-04-25 02:16:21,28.4333,74.4833,79.09,16,0,3.27
114,Aabybro,DK,2021-04-25 02:16:22,57.1584,9.7367,34.0,75,20,5.75
115,Bagdarin,RU,2021-04-25 02:16:22,54.4333,113.6,44.04,28,100,4.05
116,Okahandja,NA,2021-04-25 02:16:22,-21.9833,16.9167,57.2,47,5,5.75
117,Avarua,CK,2021-04-25 02:14:05,-21.2078,-159.775,82.4,69,20,12.66
118,Algete,ES,2021-04-25 02:16:23,40.5971,-3.4974,51.8,93,0,1.14
119,Traverse City,US,2021-04-25 02:16:23,44.7631,-85.6206,39.2,93,90,11.5
120,Kaeo,NZ,2021-04-25 02:16:24,-35.1,173.7833,69.01,58,28,8.01
121,Dikson,RU,2021-04-25 02:16:24,73.5069,80.5464,7.39,95,68,7.29
122,Te Anau,NZ,2021-04-25 02:16:25,-45.4167,167.7167,47.53,64,15,8.43
123,Luderitz,NA,2021-04-25 02:16:25,-26.6481,15.1594,62.29,80,97,5.01
124,Maridi,SS,2021-04-25 02:16:26,4.9158,29.4742,66.25,98,100,5.66
125,Airai,TL,2021-04-25 02:16:26,-8.9266,125.4092,71.26,53,22,3.94
126,Baruun-Urt,MN,2021-04-25 02:16:27,46.6806,113.2792,55.17,21,100,13.02
127,Champerico,GT,2021-04-25 02:16:27,14.3,-91.9167,66.99,95,98,6.46
128,Albany,US,2021-04-25 02:13:31,42.6001,-73.9662,55.0,40,100,1.92
129,Kavieng,PG,2021-04-25 02:16:11,-2.5744,150.7967,85.32,69,15,9.8
130,Port-Gentil,GA,2021-04-25 02:14:13,-0.7193,8.7815,77.76,88,87,10.04
131,Thompson,CA,2021-04-25 02:15:11,55.7435,-97.8558,26.6,46,75,6.91
132,Yar-Sale,RU,2021-04-25 02:16:28,66.8333,70.8333,27.41,98,100,5.46
133,Asau,RO,2021-04-25 02:14:32,46.4333,26.4,41.0,60,99,2.86
134,Salalah,OM,2021-04-25 02:16:29,17.0151,54.0924,82.4,78,40,3.44
135,Port Hedland,AU,2021-04-25 02:16:29,-20.3167,118.5667,89.6,19,0,17.27
136,East London,ZA,2021-04-25 02:16:30,-33.0153,27.9116,63.9,77,99,5.28
137,Lorengau,PG,2021-04-25 02:16:30,-2.0226,147.2712,83.57,71,13,5.32
138,Birao,CF,2021-04-25 02:16:31,10.2849,22.7882,77.81,57,80,5.03
139,Port Blair,IN,2021-04-25 02:16:31,11.6667,92.75,78.8,83,40,2.3
140,Yershov,RU,2021-04-25 02:16:31,51.3513,48.2766,41.11,76,0,14.65
141,Muisne,EC,2021-04-25 02:16:32,0.6,-80.0333,78.22,82,100,4.09
142,Huayang,CN,2021-04-25 02:16:32,34.4155,109.9939,44.91,85,100,2.84
143,Leningradskiy,RU,2021-04-25 02:14:29,69.3833,178.4167,32.47,85,100,1.39
144,Juazeiro,BR,2021-04-25 02:16:33,-9.4117,-40.4986,76.03,76,5,11.3
145,Sapulpa,US,2021-04-25 02:11:38,35.9987,-96.1142,64.4,72,1,4.38
146,Norman Wells,CA,2021-04-25 02:16:33,65.282,-126.8329,44.6,33,20,8.05
147,Fryanovo,RU,2021-04-25 02:16:34,56.1333,38.45,33.8,80,0,17.9
148,Chapais,CA,2021-04-25 02:16:34,49.7834,-74.8492,30.2,80,1,6.91
149,Vaini,TO,2021-04-25 02:16:34,-21.2,-175.2,84.2,74,40,9.22
150,Mitu,CO,2021-04-25 02:16:35,1.1983,-70.1733,73.56,96,92,1.05
151,Kalispell,US,2021-04-25 02:13:20,48.1958,-114.3129,44.01,81,90,10.36
152,Salinopolis,BR,2021-04-25 02:16:36,-0.6136,-47.3561,78.87,85,100,5.03
153,Hirara,JP,2021-04-25 02:16:36,24.8,125.2833,77.0,65,75,17.27
154,Kodiak,US,2021-04-25 02:12:14,57.79,-152.4072,42.8,87,90,9.22
155,Mahebourg,MU,2021-04-25 02:16:37,-20.4081,57.7,78.8,78,75,16.11
156,Sisimiut,GL,2021-04-25 02:16:37,66.9395,-53.6735,36.97,67,2,7.47
157,Copiapo,CL,2021-04-25 02:16:38,-27.3667,-70.3333,55.4,94,20,8.05
158,Akyab,MM,2021-04-25 02:16:38,20.15,92.9,82.51,64,99,3.62
159,Saskylakh,RU,2021-04-25 02:16:38,71.9167,114.0833,32.38,96,100,10.69
160,Iqaluit,CA,2021-04-25 02:16:39,63.7506,-68.5145,32.0,86,90,2.3
161,Cuiluan,CN,2021-04-25 02:16:39,47.72,128.648,47.75,28,6,10.63
162,Prieska,ZA,2021-04-25 02:16:39,-29.6641,22.7474,64.29,30,0,2.53
163,Avera,US,2021-04-25 02:16:40,33.194,-82.5271,63.0,94,90,5.75
164,Egvekinot,RU,2021-04-25 02:14:59,66.3167,-179.1667,27.73,97,100,4.85
165,Sulangan,PH,2021-04-25 02:12:04,11.1373,123.7228,82.42,72,69,5.86
166,Narsaq,GL,2021-04-25 02:16:41,60.9167,-46.05,53.6,30,75,36.82
167,Sobolevo,RU,2021-04-25 02:16:41,54.4299,31.8996,29.25,91,19,8.34
168,Beringovskiy,RU,2021-04-25 02:16:41,63.05,179.3167,32.63,92,100,3.04
169,Pincher Creek,CA,2021-04-25 02:16:42,49.4833,-113.952,32.0,93,90,2.3
170,Novyy Urengoy,RU,2021-04-25 02:14:05,66.0833,76.6333,30.7,89,100,3.31
171,Barrow,US,2021-04-25 02:13:56,71.2906,-156.7887,28.4,80,1,8.05
172,Fort Nelson,CA,2021-04-25 02:16:42,58.8053,-122.7002,46.4,25,40,12.66
173,Mareeba,AU,2021-04-25 02:16:43,-17.0,145.4333,80.01,100,90,11.5
174,San Cristobal,VE,2021-04-25 02:16:43,7.7669,-72.225,78.8,89,40,2.3
175,Tevaitoa,PF,2021-04-25 02:16:44,-16.7833,-151.5,79.25,73,94,9.06
176,Yalvac,TR,2021-04-25 02:16:44,38.2956,31.1778,55.78,59,100,5.44
177,Saurimo,AO,2021-04-25 02:16:44,-9.6608,20.3916,63.19,93,90,2.89
178,Kamenka,RU,2021-04-25 02:16:45,51.3223,42.7678,35.01,80,4,16.4
179,Poum,NC,2021-04-25 02:16:45,-20.2333,164.0167,78.42,78,100,8.77
180,Lagoa,PT,2021-04-25 02:16:46,39.05,-27.9833,59.27,76,46,22.66
181,Along,IN,2021-04-25 02:16:46,28.1667,94.7667,78.17,46,93,0.69
182,Tasiilaq,GL,2021-04-25 02:16:47,65.6145,-37.6368,39.2,75,75,11.5
183,Xining,CN,2021-04-25 02:16:47,36.6167,101.7667,39.96,94,100,2.71
184,Amapa,BR,2021-04-25 02:16:43,1.0,-52.0,73.02,98,97,2.73
185,Coquimbo,CL,2021-04-25 02:16:48,-29.9533,-71.3436,55.4,88,0,4.61
186,Suntar,RU,2021-04-25 02:16:48,62.1444,117.6319,39.76,76,100,4.83
187,Port-Cartier,CA,2021-04-25 02:13:02,50.0334,-66.8654,42.01,81,20,10.36
188,Khatanga,RU,2021-04-25 02:15:27,71.9667,102.5,29.41,91,100,21.74
189,Varamin,IR,2021-04-25 02:16:49,35.3242,51.6457,66.2,67,0,6.91
190,Buchanan,LR,2021-04-25 02:16:06,5.8808,-10.0467,78.75,86,100,5.48
191,Takoradi,GH,2021-04-25 02:15:35,4.8845,-1.7554,79.43,86,100,5.99
192,Yerbogachen,RU,2021-04-25 02:16:49,61.2767,108.0108,38.16,81,100,1.74
193,Pevek,RU,2021-04-25 02:16:50,69.7008,170.3133,26.51,94,100,6.44
194,Castro,BR,2021-04-25 02:16:50,-24.7911,-50.0119,58.03,80,74,4.03
195,Codrington,AU,2021-04-25 02:16:51,-38.2667,141.9667,59.9,70,61,9.6
196,Jega,NG,2021-04-25 02:16:51,12.2175,4.3792,83.59,49,100,15.14
197,Belaya Gora,RU,2021-04-25 02:16:51,68.5333,146.4167,18.72,82,47,9.06
198,Guerrero Negro,MX,2021-04-25 02:15:34,27.9769,-114.0611,59.61,79,4,18.68
199,Kaoma,ZM,2021-04-25 02:16:52,-14.7833,24.8,64.08,57,100,3.51
200,Mandalgovi,MN,2021-04-25 02:16:52,45.7625,106.2708,46.13,84,100,15.46
201,Zykovo,RU,2021-04-25 02:16:53,55.9519,93.1461,33.8,86,75,8.95
202,Sechura,PE,2021-04-25 02:16:53,-5.5569,-80.8222,70.47,73,100,17.11
203,Evensk,RU,2021-04-25 02:16:53,61.95,159.2333,27.41,91,100,11.23
204,Santa Cruz,BO,2021-04-25 02:14:43,-17.8,-63.1667,68.0,100,90,9.22
205,Nouadhibou,MR,2021-04-25 02:12:08,20.931,-17.0347,64.4,94,0,13.8
206,Vanimo,PG,2021-04-25 02:16:54,-2.6741,141.3028,78.39,87,100,3.56
207,Yellowknife,CA,2021-04-25 02:12:13,62.456,-114.3525,17.6,49,75,13.8
208,Los Llanos De Aridane,ES,2021-04-25 02:14:30,28.6585,-17.9182,68.0,49,75,9.22
209,Polignano A Mare,IT,2021-04-25 02:16:55,40.9959,17.2159,51.01,70,0,12.26
210,Antigonish,CA,2021-04-25 02:16:55,45.6169,-61.9986,39.99,87,26,1.01
211,Mount Gambier,AU,2021-04-25 02:14:33,-37.8333,140.7667,57.2,94,75,4.61
212,Dasoguz,TM,2021-04-25 02:16:56,41.8363,59.9666,55.4,44,27,9.22
213,Bredasdorp,ZA,2021-04-25 02:16:56,-34.5322,20.0403,50.0,93,100,5.75
214,Camacha,PT,2021-04-25 02:16:56,33.0833,-16.3333,62.6,77,40,16.11
215,Adrar,MR,2021-04-25 02:16:57,20.5022,-10.0711,77.32,13,6,9.4
216,Cabo San Lucas,MX,2021-04-25 02:12:35,22.8909,-109.9124,75.2,25,1,9.22
217,Carnarvon,AU,2021-04-25 02:16:24,-24.8667,113.6333,82.4,34,0,4.61
218,Kapit,MY,2021-04-25 02:16:57,2.0167,112.9333,86.49,65,65,2.13
219,Sao Jose Da Coroa Grande,BR,2021-04-25 02:16:58,-8.8978,-35.1478,77.9,78,12,5.17
220,Conceicao Das Alagoas,BR,2021-04-25 02:16:58,-19.9147,-48.3883,71.6,56,0,3.44
221,Ribeira Grande,PT,2021-04-25 02:16:17,38.5167,-28.7,59.45,74,75,18.75
222,Belyy Yar,RU,2021-04-25 02:16:59,53.6039,91.3903,44.6,33,0,11.18
223,Dhamtari,IN,2021-04-25 02:16:59,20.7072,81.5497,84.2,61,2,5.75
224,Yamada,JP,2021-04-25 02:17:00,39.4667,141.95,57.88,47,100,7.7
225,Ahipara,NZ,2021-04-25 02:13:51,-35.1667,173.1667,64.8,54,42,8.66
226,Gobabis,NA,2021-04-25 02:17:01,-22.45,18.9667,58.71,30,4,8.43
227,Hilo,US,2021-04-25 02:13:51,19.7297,-155.09,73.4,83,90,4.61
228,Esso,RU,2021-04-25 02:17:01,55.9333,158.7,34.77,99,100,3.71
229,Sinnamary,GF,2021-04-25 02:17:02,5.3833,-52.95,78.06,87,100,11.45
230,Port Macquarie,AU,2021-04-25 02:17:02,-31.4333,152.9167,73.0,59,0,1.01
231,Mahajanga,MG,2021-04-25 02:17:03,-15.7167,46.3167,75.2,78,20,6.91
232,Saint-Philippe,RE,2021-04-25 02:17:03,-21.3585,55.7679,78.8,73,94,23.02
233,Ust-Nera,RU,2021-04-25 02:17:04,64.5667,143.2,15.4,81,98,5.7
234,Sribne,UA,2021-04-25 02:17:04,50.6638,32.9187,31.57,82,2,7.83
235,Flin Flon,CA,2021-04-25 02:17:04,54.7682,-101.865,23.67,55,36,2.01
236,Sainte-Marie,RE,2021-04-25 02:17:05,-20.8968,55.5496,75.2,88,90,17.27
237,Zalakomar,HU,2021-04-25 02:17:05,46.538,17.1809,41.0,87,12,5.97
238,Port Moresby,PG,2021-04-25 02:17:06,-9.4431,147.1797,87.8,66,20,6.91
239,Victoria,HK,2021-04-25 02:17:06,22.2855,114.1577,80.01,83,89,1.99
240,Esperance,AU,2021-04-25 02:17:07,-33.8667,121.9,73.4,40,48,19.57
241,Misratah,LY,2021-04-25 02:17:08,32.3754,15.0925,60.96,78,3,13.87
242,Tiksi,RU,2021-04-25 02:17:08,71.6872,128.8694,32.63,92,100,11.34
243,Cidreira,BR,2021-04-25 02:14:38,-30.1811,-50.2056,68.14,85,91,8.55
244,San Quintin,MX,2021-04-25 02:17:09,30.4833,-115.95,59.18,80,2,15.28
245,Namatanai,PG,2021-04-25 02:17:09,-3.6667,152.4333,85.15,67,38,8.7
246,Severo-Kurilsk,RU,2021-04-25 02:17:10,50.6789,156.125,34.92,97,100,5.86
247,Mahibadhoo,MV,2021-04-25 02:17:10,3.7833,72.9667,83.14,74,44,7.85
248,Saint-Georges,GD,2021-04-25 02:14:31,12.0564,-61.7485,80.6,78,20,14.97
249,Quimper,FR,2021-04-25 02:17:11,48.0,-4.1,53.6,62,0,11.5
250,Ilulissat,GL,2021-04-25 02:17:11,69.2167,-51.1,46.4,46,1,27.63
251,Ixtapa,MX,2021-04-25 02:17:11,20.7,-105.2,78.8,73,75,8.05
252,Provideniya,RU,2021-04-25 02:12:15,64.3833,-173.3,40.03,72,100,1.5
253,Miyako,JP,2021-04-25 02:17:12,39.6367,141.9525,57.25,50,100,3.69
254,Dhidhdhoo,MV,2021-04-25 02:17:12,6.8833,73.1,83.73,69,44,2.86
255,Sumbe,AO,2021-04-25 02:17:13,-11.2061,13.8437,78.39,89,100,5.82
256,Cayenne,GF,2021-04-25 02:14:01,4.9333,-52.3333,79.0,89,90,3.44
257,Caravelas,BR,2021-04-25 02:17:14,-17.7125,-39.2481,73.4,89,0,4.81
258,Saint-Ambroise,CA,2021-04-25 02:17:14,48.5501,-71.3324,53.6,30,44,9.22
259,Shingu,JP,2021-04-25 02:17:14,33.7333,135.9833,68.0,64,75,12.66
260,Rognan,NO,2021-04-25 02:17:15,67.0953,15.3878,32.0,79,83,1.79
261,Motygino,RU,2021-04-25 02:16:48,58.1831,94.7592,34.41,99,100,5.95
262,Zhigansk,RU,2021-04-25 02:17:15,66.7697,123.3711,33.71,99,100,6.67
263,Coroisanmartin,RO,2021-04-25 02:17:16,46.4,24.6,32.0,93,86,2.3
264,Placido De Castro,BR,2021-04-25 02:17:16,-10.3353,-67.1856,75.45,86,21,1.99
265,Kropotkin,RU,2021-04-25 02:17:17,45.4375,40.5756,42.98,69,100,3.06
266,Bathsheba,BB,2021-04-25 02:17:17,13.2167,-59.5167,78.8,61,20,18.41
267,Sakit,IN,2021-04-25 02:17:17,27.45,78.8167,80.02,19,0,11.5
268,Baykit,RU,2021-04-25 02:17:18,61.67,96.37,39.06,88,100,3.04
269,Newport,GB,2021-04-25 02:16:20,51.5877,-2.9984,43.0,75,3,11.5
270,Escanaba,US,2021-04-25 02:15:26,45.7453,-87.0646,32.0,86,90,10.36
271,Yaan,NG,2021-04-25 02:17:18,7.3833,8.5667,76.86,83,75,4.65
272,Valparaiso,CL,2021-04-25 02:17:18,-33.0393,-71.6273,57.99,73,0,9.08
273,Yeppoon,AU,2021-04-25 02:17:19,-23.1333,150.7333,80.6,41,80,9.22
274,Mafra,BR,2021-04-25 02:16:36,-26.1114,-49.8053,59.0,88,76,10.0
275,Luganville,VU,2021-04-25 02:17:20,-15.5333,167.1667,82.4,83,71,10.36
276,Muros,ES,2021-04-25 02:17:20,42.7762,-9.0603,57.99,94,100,1.99
277,Kaitangata,NZ,2021-04-25 02:17:20,-46.2817,169.8464,51.01,53,54,8.01
278,Pangnirtung,CA,2021-04-25 02:17:21,66.1451,-65.7125,27.55,77,72,7.38
279,Petatlan,MX,2021-04-25 02:17:21,17.5167,-101.2667,77.63,72,57,2.84
280,Nome,US,2021-04-25 02:17:11,64.5011,-165.4064,39.2,70,1,3.44
281,Changji,CN,2021-04-25 02:17:22,44.0167,87.3167,42.8,28,0,4.47
282,Peniche,PT,2021-04-25 02:17:22,39.3558,-9.3811,57.99,90,31,5.99
283,Roros,NO,2021-04-25 02:17:23,62.5747,11.3842,24.8,80,90,16.11
284,Atasu,KZ,2021-04-25 02:17:23,48.6814,71.6433,42.33,32,100,15.03
285,Tosya,TR,2021-04-25 02:17:23,41.0155,34.0401,47.77,88,100,5.1
286,Havoysund,NO,2021-04-25 02:17:24,70.9963,24.6622,28.4,69,40,6.91
287,Fort Morgan,US,2021-04-25 02:16:05,40.2503,-103.8,53.6,54,1,10.36
288,Broome,US,2021-04-25 02:17:24,42.2506,-75.833,55.4,35,90,4.61
289,Puerto Leguizamo,CO,2021-04-25 02:17:25,-0.1934,-74.7819,73.94,95,99,1.19
290,Dwarka,IN,2021-04-25 02:17:25,22.2394,68.9678,81.27,76,1,10.42
291,Mathbaria,BD,2021-04-25 02:17:25,22.2876,89.9593,91.02,40,2,6.93
292,Port Lincoln,AU,2021-04-25 02:17:26,-34.7333,135.8667,64.49,55,0,4.29
293,Hamilton,US,2021-04-25 02:15:59,39.1834,-84.5333,51.01,100,90,4.43
294,Krasnovishersk,RU,2021-04-25 02:17:27,60.4078,57.082,40.51,83,100,9.98
295,Alta Floresta,BR,2021-04-25 02:17:27,-9.8756,-56.0861,71.6,93,40,1.39
296,Hohhot,CN,2021-04-25 02:17:28,40.8106,111.6522,57.2,47,20,11.18
297,Alofi,NU,2021-04-25 02:14:28,-19.0595,-169.9187,82.4,83,75,3.44
298,Jurm,AF,2021-04-25 02:17:29,36.8648,70.8342,53.22,39,91,5.19
299,Hailar,CN,2021-04-25 02:17:29,49.2,119.7,52.99,20,91,5.53
300,Sakakah,SA,2021-04-25 02:17:29,29.9697,40.2064,75.2,15,0,6.91
301,Zaysan,KZ,2021-04-25 02:17:30,47.4667,84.8667,40.21,38,20,3.36
302,Aykhal,RU,2021-04-25 02:16:43,66.0,111.5,30.74,91,100,7.47
303,La Rioja,ES,2021-04-25 02:17:30,42.25,-2.5,55.0,87,0,6.91
304,Tateyama,JP,2021-04-25 02:17:31,34.9833,139.8667,69.8,64,75,14.97
305,Nishihara,JP,2021-04-25 02:17:31,26.1842,127.7558,75.2,68,75,14.97
306,Klaksvik,FO,2021-04-25 02:17:31,62.2266,-6.589,41.0,87,20,4.61
307,Manbij,SY,2021-04-25 02:17:32,36.5281,37.9549,60.8,48,0,4.61
308,Qarchak,IR,2021-04-25 02:17:32,35.4394,51.5689,66.2,37,20,1.9
309,Bulle,CH,2021-04-25 02:17:32,46.6195,7.0567,48.99,66,27,1.01
310,Port Hawkesbury,CA,2021-04-25 02:17:33,45.6169,-61.3485,37.99,81,90,3.36
311,Canyon,US,2021-04-25 02:17:33,34.9803,-101.9188,66.0,38,1,3.0
312,North Platte,US,2021-04-25 02:17:34,41.1239,-100.7654,57.2,51,90,13.8
313,Nokaneng,BW,2021-04-25 02:17:34,-19.6667,22.2667,64.18,31,74,4.27
314,Juneau,US,2021-04-25 02:15:19,58.3019,-134.4197,60.8,18,40,6.91
315,Batemans Bay,AU,2021-04-25 02:16:39,-35.7167,150.1833,68.0,52,37,3.56
316,Xuddur,SO,2021-04-25 02:17:35,4.1213,43.8894,73.89,84,92,8.77
317,San Nicolas,PH,2021-04-25 02:17:36,18.1725,120.5953,82.4,65,20,10.36
318,Sitka,US,2021-04-25 02:17:36,57.0531,-135.33,60.8,23,1,10.36
319,Bambous Virieux,MU,2021-04-25 02:17:36,-20.3428,57.7575,78.8,78,75,16.11
320,Mwinilunga,ZM,2021-04-25 02:17:37,-11.7358,24.4293,64.09,79,100,1.72
321,Yuci,CN,2021-04-25 02:17:37,37.6803,112.7319,55.4,58,0,8.95
322,Gunnedah,AU,2021-04-25 02:17:38,-30.9833,150.25,68.0,47,0,2.73
323,Sola,VU,2021-04-25 02:17:38,-13.8833,167.55,83.23,74,100,16.69
324,Naze,JP,2021-04-25 02:17:39,28.3667,129.4833,77.0,53,20,17.27
325,Moree,AU,2021-04-25 02:17:39,-29.4667,149.85,71.6,26,0,10.36
326,Tanggu,CN,2021-04-25 02:17:40,39.0211,117.6469,62.6,45,0,4.47
327,Mayo,US,2021-04-25 02:17:40,38.8876,-76.5119,53.01,87,90,8.68
328,Korce,AL,2021-04-25 02:17:41,40.6186,20.7808,43.23,96,100,3.11
329,Pisco,PE,2021-04-25 02:17:41,-13.7,-76.2167,68.0,83,0,9.22
330,Chernyshevskiy,RU,2021-04-25 02:17:42,63.0128,112.4714,31.73,97,100,5.75
331,Kirakira,SB,2021-04-25 02:17:42,-10.4544,161.9205,82.56,76,100,2.35
332,Shu,KZ,2021-04-25 02:17:43,43.5983,73.7614,50.0,54,69,7.2
333,Adre,TD,2021-04-25 02:17:43,13.4667,22.2,81.95,15,99,13.22
334,Saint-Pierre,RE,2021-04-25 02:14:19,-21.3393,55.4781,77.0,78,75,23.02
335,Soro,IN,2021-04-25 02:17:44,21.2881,86.6858,89.04,42,2,13.29
336,Kloulklubed,PW,2021-04-25 02:17:44,7.0419,134.2556,86.0,74,75,16.11
337,Shirokiy,RU,2021-04-25 02:17:45,49.758,129.523,43.88,23,0,13.87
338,Santa Rosa,PH,2021-04-25 02:17:45,14.3122,121.1114,87.8,62,20,8.05
339,Porbandar,IN,2021-04-25 02:17:45,21.6422,69.6093,78.8,73,75,8.05
340,Nieves,PH,2021-04-25 02:17:46,15.3274,120.9485,87.8,58,75,11.5
341,Tuatapere,NZ,2021-04-25 02:17:46,-46.1333,167.6833,44.01,82,41,14.0
342,Maldonado,UY,2021-04-25 02:17:46,-34.6667,-54.9167,66.2,72,75,16.11
343,Angol,CL,2021-04-25 02:17:47,-37.8,-72.7167,54.99,62,0,5.55
344,Tala,EG,2021-04-25 02:17:47,30.6803,30.9429,59.7,47,4,2.71
345,Harbour Breton,CA,2021-04-25 02:17:48,47.4833,-55.7983,36.14,92,14,14.25
346,Havre-Saint-Pierre,CA,2021-04-25 02:17:48,50.2334,-63.5986,35.6,93,1,11.5
347,Dubna,RU,2021-04-25 02:17:48,56.7333,37.1667,33.82,85,100,13.02
348,Ozernovskiy,RU,2021-04-25 02:17:49,51.5,156.5167,33.8,98,100,5.95
349,Verkhnevilyuysk,RU,2021-04-25 02:17:49,63.4453,120.3167,34.97,89,100,4.43
350,Popondetta,PG,2021-04-25 02:15:01,-8.7537,148.2534,83.43,77,100,2.55
351,Dudinka,RU,2021-04-25 02:17:49,69.4058,86.1778,13.96,89,50,11.68
352,Muravlenko,RU,2021-04-25 02:17:50,63.7898,74.523,32.76,99,100,6.31
353,Peno,RU,2021-04-25 02:17:50,56.9262,32.7426,30.92,84,100,10.49
354,New Norfolk,AU,2021-04-25 02:17:51,-42.7826,147.0587,62.01,73,94,5.01
355,Nago,JP,2021-04-25 02:17:51,26.5881,127.9761,75.2,60,75,16.11
356,Nemuro,JP,2021-04-25 02:17:52,43.3236,145.575,35.6,87,75,9.22
357,Krasnoselkup,RU,2021-04-25 02:17:52,65.7,82.4667,31.59,92,100,6.96
358,Biak,ID,2021-04-25 02:15:13,-0.9131,122.8766,82.9,66,88,5.37
359,Palauig,PH,2021-04-25 02:17:53,15.435,119.9045,83.01,61,7,7.34
360,Tiznit,MA,2021-04-25 02:17:53,29.5833,-9.5,55.33,73,0,1.81
361,Tubuala,PA,2021-04-25 02:17:54,9.5167,-79.0333,78.8,78,40,3.44
362,Puerto Baquerizo Moreno,EC,2021-04-25 02:17:55,-0.9,-89.6,75.78,86,83,9.42
363,Tautira,PF,2021-04-25 02:17:21,-17.7333,-149.15,75.2,88,75,9.22
364,Moerai,PF,2021-04-25 02:17:55,-22.4333,-151.3333,76.26,67,33,11.32
365,Corvallis,US,2021-04-25 02:13:29,44.5646,-123.262,50.0,100,90,8.05
366,Maun,BW,2021-04-25 02:17:56,-19.9833,23.4167,55.4,67,0,5.75
367,Kindersley,CA,2021-04-25 02:17:56,51.4668,-109.1682,41.0,20,20,2.3
368,Indianola,US,2021-04-25 02:14:07,41.3581,-93.5574,51.8,40,20,6.91
369,Kurumkan,RU,2021-04-25 02:17:57,54.3,110.3,47.71,41,100,3.2
370,Chiang Klang,TH,2021-04-25 02:17:57,19.2938,100.8617,86.0,79,100,2.3
371,Rehoboth,NA,2021-04-25 02:17:58,-23.3167,17.0833,60.46,37,1,3.13
372,Jumla,NP,2021-04-25 02:17:58,29.2747,82.1838,54.19,33,0,3.85
373,Mingshui,CN,2021-04-25 02:17:59,36.7167,117.5,63.0,53,98,3.0
374,Prainha,BR,2021-04-25 02:17:59,-1.8,-53.48,74.98,95,100,2.77
375,Pacific Grove,US,2021-04-25 02:16:46,36.6177,-121.9166,57.2,67,1,8.05
376,College,US,2021-04-25 02:17:59,64.8569,-147.8028,62.6,20,20,0.27
377,Conceicao Da Barra,BR,2021-04-25 02:18:00,-18.5933,-39.7322,72.68,92,0,3.98
378,Foz Do Iguacu,BR,2021-04-25 02:17:57,-25.5478,-54.5881,66.2,100,90,3.44
379,Ust-Uda,RU,2021-04-25 02:18:00,54.1742,103.0304,38.39,73,100,3.8
380,Cradock,ZA,2021-04-25 02:18:01,-32.1642,25.6192,57.24,35,41,3.36
381,Sami,GM,2021-04-25 02:18:01,13.5833,-15.2,76.46,32,9,10.27
382,Kidal,ML,2021-04-25 02:18:01,18.4411,1.4078,83.64,8,0,6.42
383,Monticello,US,2021-04-25 02:13:36,45.3055,-93.7941,42.01,42,1,4.81
384,San Esteban,HN,2021-04-25 02:18:02,15.2,-85.75,80.6,54,40,4.14
385,Goderich,CA,2021-04-25 02:18:02,43.7501,-81.7165,48.2,71,100,4.61
386,El Dovio,CO,2021-04-25 02:18:03,4.5079,-76.2362,71.6,78,40,5.75
387,San Rafael,AR,2021-04-25 02:16:36,-34.6177,-68.3301,59.56,63,2,4.18
388,Chokurdakh,RU,2021-04-25 02:18:03,70.6333,147.9167,13.33,80,1,7.76
389,Henties Bay,NA,2021-04-25 02:18:04,-22.116,14.2845,60.01,95,2,4.0
390,Ensley,US,2021-04-25 02:18:04,30.5188,-87.2728,75.99,88,90,12.66
391,Floro,NO,2021-04-25 02:18:04,61.5996,5.0328,39.2,60,90,10.36
392,Namibe,AO,2021-04-25 02:14:10,-15.1961,12.1522,77.29,80,53,1.81
393,Awbari,LY,2021-04-25 02:18:05,26.5921,12.7805,70.07,37,0,12.08
394,Ambilobe,MG,2021-04-25 02:18:05,-13.2,49.05,71.31,91,88,3.02
395,Bandipur,NP,2021-04-25 02:18:06,27.9333,84.4167,75.38,19,2,2.46
396,Shuangyang,CN,2021-04-25 02:18:07,43.5242,125.6736,57.2,18,0,6.71
397,Dunedin,NZ,2021-04-25 02:18:08,-45.8742,170.5036,54.0,59,68,21.0
398,Vologda,RU,2021-04-25 02:15:12,59.2187,39.8886,43.93,83,100,15.01
399,Nuevo Progreso,MX,2021-04-25 02:18:08,23.1667,-97.95,75.99,91,100,5.01
400,Calama,CL,2021-04-25 02:18:08,-22.4667,-68.9333,51.8,54,0,9.22
401,Laguna,US,2021-04-25 02:14:19,38.421,-121.4238,62.01,55,20,10.36
402,Erenhot,CN,2021-04-25 02:18:09,43.6475,111.9767,63.36,42,100,18.75
403,Sembe,CG,2021-04-25 02:18:09,1.6481,14.5806,69.84,95,70,1.95
404,Ahar,IR,2021-04-25 02:18:10,38.4774,47.0699,49.89,86,25,2.17
405,Mecca,SA,2021-04-25 02:18:10,21.4267,39.8261,82.74,38,98,1.81
406,Ostersund,SE,2021-04-25 02:18:10,63.1792,14.6357,27.0,74,20,10.36
407,Ngoro,ID,2021-04-25 02:18:11,-7.6839,112.258,82.4,83,40,4.61
408,Fortuna,US,2021-04-25 02:18:11,40.5982,-124.1573,55.0,62,40,12.66
409,Eidsvag,NO,2021-04-25 02:18:11,62.7767,8.0668,33.8,93,90,4.61
410,Iracoubo,GF,2021-04-25 02:18:12,5.4802,-53.2011,77.97,87,100,11.36
411,Octeville,FR,2021-04-25 02:18:12,49.6261,-1.6435,48.99,93,75,16.11
412,Teshie,GH,2021-04-25 02:18:12,5.5836,-0.1072,78.8,83,20,11.5
413,Kabarnet,KE,2021-04-25 02:18:13,0.4919,35.743,60.8,82,0,3.44
414,Yatou,CN,2021-04-25 02:15:49,37.15,122.3833,57.49,49,90,14.97
415,Udankudi,IN,2021-04-25 02:18:14,8.4333,78.0167,82.4,78,20,2.3
416,Tygda,RU,2021-04-25 02:18:14,53.1167,126.3333,47.95,32,62,7.83
417,Hambantota,LK,2021-04-25 02:18:14,6.1241,81.1185,75.2,100,20,1.14
418,Yulara,AU,2021-04-25 02:18:15,-25.2406,130.9889,71.6,30,0,19.57
419,Sambava,MG,2021-04-25 02:18:15,-14.2667,50.1667,74.48,90,95,10.78
420,Canavieiras,BR,2021-04-25 02:18:16,-15.675,-38.9472,74.43,87,0,3.62
421,Balkanabat,TM,2021-04-25 02:18:16,39.5108,54.3671,69.53,46,75,4.83
422,Thanh Hoa,VN,2021-04-25 02:18:16,19.8,105.7667,85.21,75,94,9.1
423,Meulaboh,ID,2021-04-25 02:18:17,4.1363,96.1285,79.3,77,69,2.53
424,Ulaanbaatar,MN,2021-04-25 02:15:00,47.9077,106.8832,37.4,75,75,29.08
425,Roatan,HN,2021-04-25 02:18:17,16.3244,-86.5366,82.4,83,1,20.71
426,Viedma,AR,2021-04-25 02:18:17,-40.8135,-62.9967,57.65,64,83,5.82
427,Nanortalik,GL,2021-04-25 02:14:07,60.1432,-45.2371,40.05,76,98,13.49
428,Bastia,FR,2021-04-25 02:18:18,42.6667,9.3333,55.99,71,0,5.75
429,Kahului,US,2021-04-25 02:18:18,20.8947,-156.47,80.6,61,40,23.02
430,Vila Franca Do Campo,PT,2021-04-25 02:18:19,37.7167,-25.4333,59.0,77,40,20.71
431,Afua,BR,2021-04-25 02:18:19,-0.1567,-50.3867,75.11,92,98,4.45
432,Kathu,TH,2021-04-25 02:18:20,7.9178,98.3332,87.01,79,40,9.22
433,Margate,GB,2021-04-25 02:18:20,51.3813,1.3862,45.0,80,0,4.0
434,Ostrovnoy,RU,2021-04-25 02:18:20,68.0531,39.5131,34.27,99,100,4.21
435,Itarema,BR,2021-04-25 02:18:21,-2.9248,-39.9167,77.95,88,97,8.86
436,Xichang,CN,2021-04-25 02:18:21,27.8964,102.2634,73.0,52,11,2.66
437,Gouyave,GD,2021-04-25 02:18:22,12.1646,-61.7296,80.6,78,20,14.97
438,Tarko-Sale,RU,2021-04-25 02:18:22,64.9225,77.785,37.0,87,98,7.99
439,Jalu,LY,2021-04-25 02:16:03,29.0331,21.5482,60.69,83,0,17.58
440,Bairiki,KI,2021-04-25 02:18:23,1.3292,172.9752,82.4,78,40,5.75
441,Washington,US,2021-04-25 02:13:36,47.5001,-120.5015,52.0,63,100,1.01
442,Yurginskoye,RU,2021-04-25 02:18:23,56.8189,67.3921,43.41,49,100,10.47
443,Ribeira Brava,PT,2021-04-25 02:18:24,32.65,-17.0667,57.99,84,89,14.7
444,Merauke,ID,2021-04-25 02:18:24,-8.4667,140.3333,81.75,76,86,11.39
445,Uray,RU,2021-04-25 02:18:24,60.1247,64.7758,41.36,71,100,8.34
446,Ranau,MY,2021-04-25 02:18:25,5.9538,116.6641,87.8,70,20,4.61
447,Auch,FR,2021-04-25 02:18:25,43.65,0.5833,55.0,60,82,3.0
448,Noumea,NC,2021-04-25 02:15:11,-22.2763,166.4572,81.0,83,90,5.75
449,Casale Monferrato,IT,2021-04-25 02:18:26,45.1334,8.4571,55.0,69,14,0.81
450,Kilindoni,TZ,2021-04-25 02:18:26,-7.9139,39.6668,78.85,84,100,8.9
451,Hay River,CA,2021-04-25 02:18:27,60.8156,-115.7999,24.8,58,99,10.36
452,Puerto Colombia,CO,2021-04-25 02:18:27,10.9878,-74.9547,80.6,83,20,4.61
453,Tecolutilla,MX,2021-04-25 02:18:27,18.2833,-93.3167,86.0,70,1,5.61
454,Manaure,CO,2021-04-25 02:18:28,11.7751,-72.4445,80.62,72,14,17.81
455,Hargeysa,SO,2021-04-25 02:18:29,9.56,44.065,69.78,71,56,10.8
456,Nelson Bay,AU,2021-04-25 02:15:29,-32.7167,152.15,69.8,56,0,5.75
457,Funtua,NG,2021-04-25 02:18:29,11.5233,7.3081,74.73,59,97,9.82
458,Batouri,CM,2021-04-25 02:18:30,4.4333,14.3667,67.53,93,46,1.92
459,Fuente De Oro,CO,2021-04-25 02:18:30,3.4594,-73.6128,75.69,84,82,2.98
460,Hervey Bay,AU,2021-04-25 02:18:31,-25.2986,152.8535,78.01,57,2,5.99
461,Peleduy,RU,2021-04-25 02:18:32,59.6289,112.7406,34.41,88,100,3.24
462,Rio Gallegos,AR,2021-04-25 02:15:58,-51.6226,-69.2181,39.2,87,0,4.61
463,Iralaya,HN,2021-04-25 02:18:32,15.0,-83.2333,77.97,74,3,9.08
464,Odweyne,SO,2021-04-25 02:18:33,9.4092,45.064,72.57,70,6,3.13
465,Komsomolskiy,UZ,2021-04-25 02:18:33,40.4272,71.7189,60.8,39,0,4.61
466,Abalak,RU,2021-04-25 02:18:34,58.1286,68.5944,42.8,54,100,7.29
467,Faya,SA,2021-04-25 02:18:34,18.3851,42.4509,60.8,72,0,4.85
468,Hualmay,PE,2021-04-25 02:18:35,-11.0964,-77.6139,66.7,86,5,8.95
469,Kismayo,SO,2021-04-25 02:18:35,-0.3582,42.5454,81.03,75,98,8.57
470,Omsukchan,RU,2021-04-25 02:18:36,62.5333,155.8,12.96,78,100,8.41
471,Staroutkinsk,RU,2021-04-25 02:18:36,57.2302,59.3348,36.55,94,100,9.04
472,Takapau,NZ,2021-04-25 02:18:37,-40.0333,176.35,62.01,55,0,13.0
473,Uniao,BR,2021-04-25 02:18:37,-4.5858,-42.8642,77.0,94,90,5.75
474,Burgeo,CA,2021-04-25 02:18:37,47.6167,-57.6152,33.98,89,6,12.1
475,Taguatinga,BR,2021-04-25 02:18:38,-12.3857,-46.5711,76.73,73,65,3.29
476,Bilibino,RU,2021-04-25 02:18:38,68.0546,166.4372,29.98,87,100,4.34
477,Panguna,PG,2021-04-25 02:18:39,-6.3164,155.4848,81.23,60,100,3.29
478,Mulege,MX,2021-04-25 02:18:39,26.8833,-111.9833,72.81,35,1,3.49
479,Saint Stephen,GB,2021-04-25 02:18:39,50.3333,-4.9,48.2,53,8,13.8
480,Labuhan,ID,2021-04-25 02:18:40,-6.8844,112.2051,82.36,72,25,7.02
481,Locri,IT,2021-04-25 02:18:40,38.2414,16.2623,57.99,82,20,9.22
482,Syracuse,IT,2021-04-25 02:18:40,37.0881,15.2792,51.01,93,0,4.61
483,Mnogovershinnyy,RU,2021-04-25 02:18:41,53.9353,139.9242,27.91,58,58,12.97
484,Wilmington,US,2021-04-25 02:16:41,34.2257,-77.9447,69.8,73,1,12.66
485,Necochea,AR,2021-04-25 02:16:10,-38.5473,-58.7368,59.0,79,0,5.99
486,Luanda,AO,2021-04-25 02:16:00,-8.8368,13.2343,75.2,94,40,1.14
487,Bredy,RU,2021-04-25 02:18:42,52.4153,60.3411,42.78,86,78,9.95
488,Ravar,IR,2021-04-25 02:18:42,31.2656,56.8055,73.87,32,100,3.13
489,Lata,PT,2021-04-25 02:18:42,40.1629,-8.3327,59.0,88,20,4.61
490,Suleja,NG,2021-04-25 02:18:43,9.1758,7.1808,78.8,89,20,5.75
491,Roma,US,2021-04-25 02:18:43,43.2128,-75.4557,54.0,50,1,4.59
492,Shiyan,CN,2021-04-25 02:18:43,32.6475,110.7781,55.72,87,100,1.41
493,Lanzhou,CN,2021-04-25 02:18:44,36.0564,103.7922,44.6,81,90,6.71
494,Topeka,US,2021-04-25 02:18:44,39.0483,-95.678,57.2,51,1,6.02
495,Clyde River,CA,2021-04-25 02:16:45,70.4692,-68.5914,15.8,100,90,5.75
496,Daru,PG,2021-04-25 02:18:44,-9.0763,143.2092,77.68,87,100,6.46
497,Miramar,US,2021-04-25 02:18:45,25.9873,-80.2323,80.6,78,1,6.91
498,Bowen,AU,2021-04-25 02:18:45,-20.0167,148.2333,77.0,78,90,12.66
499,Mount Isa,AU,2021-04-25 02:18:46,-20.7333,139.5,84.2,34,7,14.97
500,Sorland,NO,2021-04-25 02:18:46,67.667,12.6934,36.52,57,83,18.86
501,Kenora,CA,2021-04-25 02:18:46,49.8167,-94.4337,33.8,34,20,3.44
502,Saldanha,ZA,2021-04-25 02:18:47,-33.0117,17.9442,59.0,88,100,4.61
503,Obidos,BR,2021-04-25 02:18:47,-1.9175,-55.5181,74.66,95,99,2.57
504,Pangkalanbuun,ID,2021-04-25 02:18:47,-2.6833,111.6167,88.7,54,39,3.04
505,Chengde,CN,2021-04-25 02:18:48,40.9725,117.9361,59.45,46,100,4.7
506,Kenai,US,2021-04-25 02:18:48,60.5544,-151.2583,55.4,35,1,6.91
507,Bagotville,AU,2021-04-25 02:18:48,-28.9833,153.4167,73.4,60,40,6.91
508,Atar,MR,2021-04-25 02:18:49,20.5169,-13.0499,77.7,16,0,4.97
509,Kodinsk,RU,2021-04-25 02:18:49,58.6881,99.1844,35.28,99,100,3.13
510,Benghazi,LY,2021-04-25 02:18:15,32.1167,20.0667,62.71,78,100,20.62
511,Mapiri,BO,2021-04-25 02:18:50,-15.25,-68.1667,69.19,98,91,0.51
512,Vostok,RU,2021-04-25 02:18:50,46.4856,135.8833,37.92,37,86,12.95
513,Sebina,BW,2021-04-25 02:18:50,-20.8667,27.25,58.69,39,4,5.88
514,Saint-Louis,SN,2021-04-25 02:18:51,16.3333,-15.0,72.82,44,3,12.33
515,Maragogi,BR,2021-04-25 02:18:51,-9.0122,-35.2225,77.54,79,11,5.12
516,Dapaong,TG,2021-04-25 02:18:51,10.8639,0.205,81.18,59,100,13.02
517,Odesskoye,RU,2021-04-25 02:18:52,54.2111,72.9651,44.1,44,100,15.23
518,Greenfield,US,2021-04-25 02:18:52,42.9614,-88.0126,53.6,62,90,16.11
519,Novikovo,RU,2021-04-25 02:18:53,51.1537,37.8879,34.03,72,6,11.59
520,Hun,LY,2021-04-25 02:18:53,29.1268,15.9477,58.28,78,0,9.64
521,Zelenoborskiy,RU,2021-04-25 02:18:54,66.845,32.3622,30.0,100,100,10.6
522,Rocha,UY,2021-04-25 02:18:54,-34.4833,-54.3333,62.85,84,99,14.45
523,Kiama,AU,2021-04-25 02:18:54,-34.6833,150.8667,66.99,67,13,1.99
524,Port Shepstone,ZA,2021-04-25 02:18:55,-30.7414,30.455,65.68,78,0,6.33
525,North Myrtle Beach,US,2021-04-25 02:18:55,33.816,-78.68,66.2,82,75,23.02
526,Teguldet,RU,2021-04-25 02:18:55,57.3064,88.1667,36.52,85,100,6.58
527,Cleveland,US,2021-04-25 02:18:56,41.4995,-81.6954,52.0,76,75,4.43
528,Chuy,UY,2021-04-25 02:18:56,-33.6971,-53.4616,63.5,93,97,9.86
529,Awjilah,LY,2021-04-25 02:18:56,29.1081,21.2869,60.53,83,0,17.9
530,Victor Harbor,AU,2021-04-25 02:18:57,-35.5667,138.6167,66.0,59,51,1.99
531,Malbork,PL,2021-04-25 02:18:57,54.0359,19.0266,35.01,66,62,4.61
532,Olavarria,AR,2021-04-25 02:18:58,-36.8927,-60.3225,54.0,79,1,8.57
533,Thunder Bay,CA,2021-04-25 02:18:02,48.4001,-89.3168,32.0,69,20,3.44
534,Chifeng,CN,2021-04-25 02:18:58,42.2683,118.9636,52.57,36,100,2.55
535,Acapulco,MX,2021-04-25 02:14:34,16.8634,-99.8901,80.6,74,20,3.44
536,Baiyin,CN,2021-04-25 02:16:24,36.5583,104.2081,44.6,81,90,6.71
537,Atambua,ID,2021-04-25 02:18:59,-9.1061,124.8925,82.02,58,21,3.13
538,Aswan,EG,2021-04-25 02:18:59,24.0934,32.907,78.57,14,0,9.13
539,Sept-Iles,CA,2021-04-25 02:19:00,50.2001,-66.3821,42.01,75,1,11.5
540,Novosemeykino,RU,2021-04-25 02:19:00,53.3833,50.3667,41.0,81,40,11.18
541,Uyuni,BO,2021-04-25 02:17:06,-20.4597,-66.825,40.6,31,0,9.17
542,Stornoway,GB,2021-04-25 02:19:01,58.2093,-6.3865,37.4,93,100,1.14
543,Auki,SB,2021-04-25 02:19:01,-8.7676,160.7034,83.68,76,65,4.34
544,Tomatlan,MX,2021-04-25 02:19:01,19.9333,-105.25,74.95,69,100,3.62
545,Teavaro,PF,2021-04-25 02:19:02,-17.5,-149.7667,75.2,88,75,9.22
546,Ayorou,NE,2021-04-25 02:14:26,14.7308,0.9174,85.59,8,3,7.56
547,Lavrentiya,RU,2021-04-25 02:19:02,65.5833,-171.0,33.73,92,93,1.23
548,San Policarpo,PH,2021-04-25 02:19:02,12.1791,125.5072,82.33,73,44,6.87
549,Urusha,RU,2021-04-25 02:19:03,54.05,122.9,48.2,34,65,4.65
550,Cedar City,US,2021-04-25 02:17:32,37.6775,-113.0619,64.4,14,1,26.46
551,Denpasar,ID,2021-04-25 02:17:14,-8.65,115.2167,86.0,79,20,8.05
552,Collie,AU,2021-04-25 02:19:04,-33.3667,116.15,71.46,54,0,3.4
553,Yarada,IN,2021-04-25 02:19:04,17.65,83.2667,82.4,83,20,2.3
554,Razdolinsk,RU,2021-04-25 02:19:04,58.4211,94.6658,33.84,98,100,7.31
555,Randfontein,ZA,2021-04-25 02:19:05,-26.1844,27.702,54.0,50,0,3.44
556,Umm Lajj,SA,2021-04-25 02:17:16,25.0213,37.2685,77.16,72,0,4.76
557,Palasa,IN,2021-04-25 02:19:06,18.7667,84.4167,85.39,58,1,8.68
558,Palaikastron,GR,2021-04-25 02:19:06,35.2,26.25,61.45,88,99,12.24
559,Newtownards,GB,2021-04-25 02:19:06,54.5924,-5.6909,46.4,81,17,3.44
560,Fairbanks,US,2021-04-25 02:15:34,64.8378,-147.7164,62.6,26,1,4.61
561,Ewa Beach,US,2021-04-25 02:16:41,21.3156,-158.0072,82.0,50,90,11.5
562,Moose Jaw,CA,2021-04-25 02:19:07,50.4001,-105.5344,39.2,26,57,9.22
563,Berlevag,NO,2021-04-25 02:19:07,70.8578,29.0864,33.75,77,100,18.28
564,Kieta,PG,2021-04-25 02:17:25,-6.2167,155.6333,83.57,69,100,4.09
565,La Asuncion,VE,2021-04-25 02:19:08,11.0333,-63.8628,66.2,100,75,18.41
566,Korla,CN,2021-04-25 02:19:08,41.7597,86.1469,44.92,48,76,18.43
567,Olafsvik,IS,2021-04-25 02:19:09,64.8945,-23.7142,41.67,93,100,17.31
568,Zhangjiakou,CN,2021-04-25 02:19:09,40.81,114.8794,58.59,52,100,10.58
569,Bulaevo,KZ,2021-04-25 02:19:10,54.9056,70.4439,43.05,46,100,14.83
570,Lerwick,GB,2021-04-25 02:19:10,60.1545,-1.1494,39.2,81,100,4.61
571,Pedernales,DO,2021-04-25 02:19:10,18.0384,-71.744,79.2,71,5,5.21
572,Ati,TD,2021-04-25 02:19:11,13.2154,18.3353,80.24,43,68,9.1
573,Port Hardy,CA,2021-04-25 02:15:10,50.6996,-127.4199,50.0,81,90,3.44
574,Gambo,CF,2021-04-25 02:19:11,4.6482,22.2633,68.07,98,100,2.19
575,Nassau,US,2021-04-25 02:19:12,40.7507,-73.5829,59.0,54,20,5.75
576,Arman,RU,2021-04-25 02:19:12,59.7,150.1667,25.54,58,100,10.25
